MR.analysis	exposure.consortium	exposure	exposure.clumping.p1	outcome.consortium	outcome	method	b	sd	pval	effect.size.estimate	effect.size.LBound	effect.size.UBound
Raw	GSCAN	SI	1e-05	UKB	caffeine	MRPRESSO	22.0392425252084	5.06974905125573	4.8755454515151e-05	15.2764388180251	8.38883758641729	22.1640400496328
Outlier-corrected	GSCAN	SI	1e-05	UKB	caffeine	MRPRESSO						
Raw	GSCAN	SI	5e-08	UKB	caffeine	MRPRESSO	57.9560352382051	7.39370112615847	0.000227792538995284	40.1720624217947	30.1272131663754	50.216911677214
Outlier-corrected	GSCAN	SI	5e-08	UKB	caffeine	MRPRESSO						
Raw	ICC	CI	5e-08	GSCAN	SI	MRPRESSO	0.151903325157621	0.0794117983769906	0.151699193877606	1.11103427587105	0.997408359932957	1.23760458779721
Outlier-corrected	ICC	CI	5e-08	GSCAN	SI	MRPRESSO	0.146986238146607	0.00554887600279397	0.0240216196100349	1.107254022349	1.09893834027744	1.11563262930522
Raw	ICC	CI	5e-08	UKB	PYOS	MRPRESSO	1.82719870935481	1.05876877641613	0.182847293655741	1.26651763371206	-0.17189224707392	2.70492751449803
Outlier-corrected	ICC	CI	5e-08	UKB	PYOS	MRPRESSO	2.74422561025499	0.41510512311719	0.0221245626345845	1.90215224456864	1.33820351094829	2.46610097818899
